,Actors,Country,Director,Genre,Language,Metascore,Rated,Released,Runtime,Writer
0,"Tim Robbins, Morgan Freeman, Bob Gunton, William Sadler",USA,Frank Darabont,"Crime, Drama",English,80,R,14 Oct 1994,142 min,"Stephen King (short story ""Rita Hayworth and Shawshank Redemption""), Frank Darabont (screenplay)"
1,"Marlon Brando, Al Pacino, James Caan, Richard S. Castellano",USA,Francis Ford Coppola,"Crime, Drama","English, Italian, Latin",100,R,24 Mar 1972,175 min,"Mario Puzo (screenplay), Francis Ford Coppola (screenplay), Mario Puzo (novel)"
2,"Al Pacino, Robert Duvall, Diane Keaton, Robert De Niro",USA,Francis Ford Coppola,"Crime, Drama","English, Italian, Spanish, Latin, Sicilian",80,R,20 Dec 1974,202 min,"Francis Ford Coppola (screenplay), Mario Puzo (screenplay), Mario Puzo (novel)"
3,"Christian Bale, Heath Ledger, Aaron Eckhart, Michael Caine","USA, UK",Christopher Nolan,"Action, Crime, Drama","English, Mandarin",82,PG-13,18 Jul 2008,152 min,"Jonathan Nolan (screenplay), Christopher Nolan (screenplay), Christopher Nolan (story), David S. Goyer (story), Bob Kane (characters)"
4,"Martin Balsam, John Fiedler, Lee J. Cobb, E.G. Marshall",USA,Sidney Lumet,"Crime, Drama",English,N/A,APPROVED,01 Apr 1957,96 min,"Reginald Rose (story), Reginald Rose (screenplay)"
5,"Liam Neeson, Ben Kingsley, Ralph Fiennes, Caroline Goodall",USA,Steven Spielberg,"Biography, Drama, History","English, Hebrew, German, Polish",93,R,04 Feb 1994,195 min,"Thomas Keneally (book), Steven Zaillian (screenplay)"
6,"Tim Roth, Amanda Plummer, Laura Lovelace, John Travolta",USA,Quentin Tarantino,"Crime, Drama","English, Spanish, French",94,R,14 Oct 1994,154 min,"Quentin Tarantino (story), Roger Avary (story), Quentin Tarantino"
7,"Noel Appleby, Ali Astin, Sean Astin, David Aston","USA, New Zealand",Peter Jackson,"Action, Adventure, Drama","English, Quenya, Old English, Sindarin",94,PG-13,17 Dec 2003,201 min,"J.R.R. Tolkien (novel), Fran Walsh (screenplay), Philippa Boyens (screenplay), Peter Jackson (screenplay)"
8,"Eli Wallach, Clint Eastwood, Lee Van Cleef, Aldo Giuffrè","Italy, Spain, West Germany, USA",Sergio Leone,Western,Italian,90,APPROVED,29 Dec 1967,161 min,"Luciano Vincenzoni (story), Sergio Leone (story), Agenore Incrocci (screenplay), Furio Scarpelli (screenplay), Luciano Vincenzoni (screenplay), Sergio Leone (screenplay), Mickey Knox (English version by)"
9,"Edward Norton, Brad Pitt, Meat Loaf, Zach Grenier","USA, Germany",David Fincher,Drama,English,66,R,15 Oct 1999,139 min,"Chuck Palahniuk (novel), Jim Uhls (screenplay)"
10,"Alan Howard, Noel Appleby, Sean Astin, Sala Baker","New Zealand, USA",Peter Jackson,"Action, Adventure, Drama","English, Sindarin",92,PG-13,19 Dec 2001,178 min,"J.R.R. Tolkien (novel), Fran Walsh (screenplay), Philippa Boyens (screenplay), Peter Jackson (screenplay)"
11,"Mark Hamill, Harrison Ford, Carrie Fisher, Billy Dee Williams",USA,Irvin Kershner,"Action, Adventure, Fantasy",English,80,PG,20 Jun 1980,124 min,"Leigh Brackett (screenplay), Lawrence Kasdan (screenplay), George Lucas (story by)"
12,"Tom Hanks, Rebecca Williams, Sally Field, Michael Conner Humphreys",USA,Robert Zemeckis,"Comedy, Drama",English,82,PG-13,06 Jul 1994,142 min,"Winston Groom (novel), Eric Roth (screenplay)"
13,"Leonardo DiCaprio, Joseph Gordon-Levitt, Ellen Page, Tom Hardy","USA, UK",Christopher Nolan,"Action, Adventure, Sci-Fi","English, Japanese, French",74,PG-13,16 Jul 2010,148 min,Christopher Nolan
14,"Bruce Allpress, Sean Astin, John Bach, Sala Baker","USA, New Zealand",Peter Jackson,"Adventure, Drama, Fantasy","English, Sindarin, Old English",88,PG-13,18 Dec 2002,179 min,"J.R.R. Tolkien (novel), Fran Walsh (screenplay), Philippa Boyens (screenplay), Stephen Sinclair (screenplay), Peter Jackson (screenplay)"
15,"Michael Berryman, Peter Brocco, Dean R. Brooks, Alonzo Brown",USA,Milos Forman,Drama,English,79,R,21 Nov 1975,133 min,"Lawrence Hauben (screenplay), Bo Goldman (screenplay), Ken Kesey (based on the novel by), Dale Wasserman (the play version: ""One Flew Over the Cuckoo's Nest"" by)"
16,"Robert De Niro, Ray Liotta, Joe Pesci, Lorraine Bracco",USA,Martin Scorsese,"Biography, Crime, Drama","English, Italian",89,R,21 Sep 1990,146 min,"Nicholas Pileggi (book), Nicholas Pileggi (screenplay), Martin Scorsese (screenplay)"
17,"Keanu Reeves, Laurence Fishburne, Carrie-Anne Moss, Hugo Weaving",USA,"Lana Wachowski, Lilly Wachowski","Action, Sci-Fi",English,73,R,31 Mar 1999,136 min,"Lilly Wachowski, Lana Wachowski"
18,"Toshirô Mifune, Takashi Shimura, Keiko Tsushima, Yukiko Shimazaki",Japan,Akira Kurosawa,"Action, Adventure, Drama",Japanese,98,UNRATED,19 Nov 1956,207 min,"Akira Kurosawa (screenplay), Shinobu Hashimoto (screenplay), Hideo Oguni (screenplay)"
19,"Mark Hamill, Harrison Ford, Carrie Fisher, Peter Cushing",USA,George Lucas,"Action, Adventure, Fantasy",English,92,PG,25 May 1977,121 min,George Lucas
20,"Alexandre Rodrigues, Leandro Firmino, Phellipe Haagensen, Douglas Silva","Brazil, France","Fernando Meirelles, Kátia Lund","Crime, Drama",Portuguese,79,R,13 Feb 2004,130 min,"Paulo Lins (novel), Bráulio Mantovani (screenplay)"
21,"Morgan Freeman, Andrew Kevin Walker, Daniel Zacapa, Brad Pitt",USA,David Fincher,"Crime, Drama, Mystery",English,65,R,22 Sep 1995,127 min,Andrew Kevin Walker
22,"Jodie Foster, Lawrence A. Bonney, Kasi Lemmons, Lawrence T. Wrentz",USA,Jonathan Demme,"Crime, Drama, Thriller",English,84,R,14 Feb 1991,118 min,"Thomas Harris (novel), Ted Tally (screenplay)"
23,"James Stewart, Donna Reed, Lionel Barrymore, Thomas Mitchell",USA,Frank Capra,"Drama, Family, Fantasy",English,N/A,PG,07 Jan 1947,130 min,"Frances Goodrich (screenplay), Albert Hackett (screenplay), Frank Capra (screenplay), Jo Swerling (additional scenes), Philip Van Doren Stern (story)"
24,"Stephen Baldwin, Gabriel Byrne, Benicio Del Toro, Kevin Pollak","USA, Germany",Bryan Singer,"Crime, Drama, Mystery","English, Hungarian, Spanish, French",77,R,15 Sep 1995,106 min,Christopher McQuarrie
25,"Roberto Benigni, Nicoletta Braschi, Giorgio Cantarini, Giustino Durano",Italy,Roberto Benigni,"Comedy, Drama, War","Italian, German, English",59,PG-13,12 Feb 1999,116 min,"Vincenzo Cerami (story and screenplay by), Roberto Benigni (story and screenplay by)"
26,"Jean Reno, Gary Oldman, Natalie Portman, Danny Aiello",France,Luc Besson,"Crime, Drama, Thriller","English, Italian, French",64,R,18 Nov 1994,110 min,Luc Besson
27,"Rumi Hiiragi, Miyu Irino, Mari Natsuki, Takashi Naitô",Japan,Hayao Miyazaki,"Animation, Adventure, Family",Japanese,94,PG,28 Mar 2003,125 min,Hayao Miyazaki
28,"Tom Hanks, Tom Sizemore, Edward Burns, Barry Pepper",USA,Steven Spielberg,"Action, Drama, War","English, French, German, Czech",90,R,24 Jul 1998,169 min,Robert Rodat
29,"Claudia Cardinale, Henry Fonda, Jason Robards, Charles Bronson","Italy, USA",Sergio Leone,Western,"Italian, Spanish",80,PG-13,04 Jul 1969,175 min,"Sergio Donati (screenplay), Sergio Leone (screenplay), Dario Argento (from a story by), Bernardo Bertolucci (from a story by), Sergio Leone (from a story by)"
30,"Edward Norton, Edward Furlong, Beverly D'Angelo, Jennifer Lien",USA,Tony Kaye,"Crime, Drama",English,62,R,20 Nov 1998,119 min,David McKenna
31,"Ellen Burstyn, Matthew McConaughey, Mackenzie Foy, John Lithgow","USA, UK",Christopher Nolan,"Adventure, Drama, Sci-Fi",English,74,PG-13,07 Nov 2014,169 min,"Jonathan Nolan, Christopher Nolan"
32,"Humphrey Bogart, Ingrid Bergman, Paul Henreid, Claude Rains",USA,Michael Curtiz,"Drama, Romance, War","English, French, German, Italian",N/A,PG,23 Jan 1943,102 min,"Julius J. Epstein (screenplay), Philip G. Epstein (screenplay), Howard Koch (screenplay), Murray Burnett (play), Joan Alison (play)"
33,"Anthony Perkins, Vera Miles, John Gavin, Janet Leigh",USA,Alfred Hitchcock,"Horror, Mystery, Thriller",English,N/A,R,08 Sep 1960,109 min,"Joseph Stefano (screenplay), Robert Bloch (novel)"
34,"Virginia Cherrill, Florence Lee, Harry Myers, Al Ernest Garcia",USA,Charles Chaplin,"Comedy, Drama, Romance",English,N/A,PASSED,07 Mar 1931,87 min,Charles Chaplin
35,"Harrison Ford, Karen Allen, Paul Freeman, Ronald Lacey",USA,Steven Spielberg,"Action, Adventure","English, German, Hebrew, Spanish, Arabic, Nepali",85,PG,12 Jun 1981,115 min,"Lawrence Kasdan (screenplay), George Lucas (story by), Philip Kaufman (story by)"
36,"Tom Hanks, David Morse, Michael Clarke Duncan, Bonnie Hunt",USA,Frank Darabont,"Crime, Drama, Fantasy","English, French",61,R,10 Dec 1999,189 min,"Stephen King (novel), Frank Darabont (screenplay)"
37,"François Cluzet, Omar Sy, Anne Le Ny, Audrey Fleurot",France,"Olivier Nakache, Eric Toledano","Biography, Comedy, Drama","French, English",57,R,02 Nov 2011,112 min,"Olivier Nakache, Eric Toledano"
38,"Charles Chaplin, Paulette Goddard, Henry Bergman, Tiny Sandford",USA,Charles Chaplin,"Comedy, Drama, Family",English,96,G,25 Feb 1936,87 min,Charles Chaplin
39,"James Stewart, Grace Kelly, Wendell Corey, Thelma Ritter",USA,Alfred Hitchcock,"Mystery, Thriller",English,N/A,APPROVED,01 Sep 1954,112 min,"John Michael Hayes (screenplay), Cornell Woolrich (based on the short story by)"
40,"Arnold Schwarzenegger, Linda Hamilton, Edward Furlong, Robert Patrick","USA, France",James Cameron,"Action, Sci-Fi, Thriller","English, Spanish",75,R,03 Jul 1991,137 min,"James Cameron, William Wisher Jr."
41,"Leonardo DiCaprio, Matt Damon, Jack Nicholson, Mark Wahlberg","USA, Hong Kong",Martin Scorsese,"Crime, Drama, Thriller","English, Cantonese",86,R,06 Oct 2006,151 min,"William Monahan (screenplay), Alan Mak, Felix Chong"
42,"Adrien Brody, Emilia Fox, Michal Zebrowski, Ed Stoppard","France, Poland, Germany, UK",Roman Polanski,"Biography, Drama, War","English, German, Russian",85,R,28 Mar 2003,150 min,"Ronald Harwood (screenplay), Wladyslaw Szpilman (book)"
43,"Michael J. Fox, Christopher Lloyd, Lea Thompson, Crispin Glover",USA,Robert Zemeckis,"Adventure, Comedy, Sci-Fi",English,86,PG,03 Jul 1985,116 min,"Robert Zemeckis, Bob Gale"
44,"Miles Teller, J.K. Simmons, Paul Reiser, Melissa Benoist",USA,Damien Chazelle,"Drama, Music",English,88,R,15 Oct 2014,107 min,Damien Chazelle
45,"Russell Crowe, Joaquin Phoenix, Connie Nielsen, Oliver Reed","USA, UK",Ridley Scott,"Action, Adventure, Drama",English,64,R,05 May 2000,155 min,"David Franzoni (story), David Franzoni (screenplay), John Logan (screenplay), William Nicholson (screenplay)"
46,"Guy Pearce, Carrie-Anne Moss, Joe Pantoliano, Mark Boone Junior",USA,Christopher Nolan,"Mystery, Thriller",English,80,R,25 May 2001,113 min,"Christopher Nolan (screenplay), Jonathan Nolan (short story ""Memento Mori"")"
47,"Marlon Brando, Martin Sheen, Robert Duvall, Frederic Forrest",USA,Francis Ford Coppola,"Drama, War","English, French, Vietnamese",90,R,15 Aug 1979,153 min,"John Milius, Francis Ford Coppola, Michael Herr (narration)"
48,"Hugh Jackman, Christian Bale, Michael Caine, Piper Perabo","USA, UK",Christopher Nolan,"Drama, Mystery, Sci-Fi",English,66,PG-13,20 Oct 2006,130 min,"Jonathan Nolan (screenplay), Christopher Nolan (screenplay), Christopher Priest (novel)"
49,"Matthew Broderick, Jonathan Taylor Thomas, James Earl Jones, Jim Cummings",USA,"Roger Allers, Rob Minkoff","Animation, Adventure, Drama","English, Swahili, Xhosa, Zulu",83,G,24 Jun 1994,89 min,"Irene Mecchi (screenplay), Jonathan Roberts (screenplay), Linda Woolverton (screenplay), Burny Mattinson (story), Barry Johnson (story), Lorna Cook (story), Thom Enriquez (story), Andy Gaskill (story), Gary Trousdale (story), Jim Capobianco (story), Kevin Harkey (story), Jorgen Klubien (story), Chris Sanders (story), Tom Sito (story), Larry Leker (story), Joe Ranft (story), Rick Maki (story), Ed Gombert (story), Francis Glebas (story), Mark Kausler (story), J.T. Allen (additional story material), George Scribner (additional story material), Miguel Tejada-Flores (additional story material), Jenny Tripp (additional story material), Bob Tzudiker (additional story material), Christopher Vogler (additional story material), Kirk Wise (additional story material), Noni White (additional story material), Brenda Chapman (story supervisor)"
50,"Tom Skerritt, Sigourney Weaver, Veronica Cartwright, Harry Dean Stanton","UK, USA",Ridley Scott,"Horror, Sci-Fi","English, Spanish",83,R,22 Jun 1979,117 min,"Dan O'Bannon (story), Ronald Shusett (story), Dan O'Bannon (screenplay)"
51,"Peter Sellers, George C. Scott, Sterling Hayden, Keenan Wynn","USA, UK",Stanley Kubrick,Comedy,"English, Russian",96,PG,29 Jan 1964,95 min,"Stanley Kubrick (screenplay), Terry Southern (screenplay), Peter George (screenplay), Peter George (based on the book: ""Red Alert"" by)"
52,"William Holden, Gloria Swanson, Erich von Stroheim, Nancy Olson",USA,Billy Wilder,"Drama, Film-Noir",English,N/A,PASSED,29 Sep 1950,110 min,"Charles Brackett, Billy Wilder, D.M. Marshman Jr."
53,"Charles Chaplin, Jack Oakie, Reginald Gardiner, Henry Daniell",USA,Charles Chaplin,"Comedy, Drama, War","English, Esperanto",N/A,APPROVED,07 Mar 1941,125 min,Charles Chaplin
54,"Martina Gedeck, Ulrich Mühe, Sebastian Koch, Ulrich Tukur",Germany,Florian Henckel von Donnersmarck,"Drama, Thriller",German,89,R,30 Mar 2007,137 min,Florian Henckel von Donnersmarck
55,"Antonella Attili, Enzo Cannavale, Isa Danieli, Leo Gullotta","Italy, France",Giuseppe Tornatore,"Drama, Romance",Italian,80,R,23 Feb 1990,155 min,"Giuseppe Tornatore (story), Giuseppe Tornatore (screenplay), Vanna Paoli (collaborating writer), Richard Epcar (english version)"
56,"Kirk Douglas, Ralph Meeker, Adolphe Menjou, George Macready",USA,Stanley Kubrick,"Drama, War","English, German, Latin",N/A,APPROVED,25 Oct 1957,88 min,"Stanley Kubrick (screenplay), Calder Willingham (screenplay), Jim Thompson (screenplay), Humphrey Cobb (based on the novel ""Paths of Glory"" by)"
57,"Jamie Foxx, Christoph Waltz, Leonardo DiCaprio, Kerry Washington",USA,Quentin Tarantino,"Drama, Western","English, German, French, Italian",81,R,25 Dec 2012,165 min,Quentin Tarantino
58,"Jack Nicholson, Shelley Duvall, Danny Lloyd, Scatman Crothers","USA, UK",Stanley Kubrick,"Drama, Horror",English,61,R,13 Jun 1980,146 min,"Stephen King (novel), Stanley Kubrick (screenplay), Diane Johnson (screenplay)"
59,"Tsutomu Tatsumi, Ayano Shiraishi, Yoshiko Shinohara, Akemi Yamaguchi",Japan,Isao Takahata,"Animation, Drama, War","Japanese, English",N/A,UNRATED,16 Apr 1988,89 min,"Akiyuki Nosaka (novel), Isao Takahata"
60,"Ben Burtt, Elissa Knight, Jeff Garlin, Fred Willard",USA,Andrew Stanton,"Animation, Adventure, Family",English,94,G,27 Jun 2008,98 min,"Andrew Stanton (original story by), Pete Docter (original story by), Andrew Stanton (screenplay), Jim Reardon (screenplay)"
61,"Christian Bale, Gary Oldman, Tom Hardy, Joseph Gordon-Levitt","USA, UK",Christopher Nolan,"Action, Thriller","English, Arabic",78,PG-13,20 Jul 2012,164 min,"Jonathan Nolan (screenplay), Christopher Nolan (screenplay), Christopher Nolan (story), David S. Goyer (story), Bob Kane (characters)"
62,"Kevin Spacey, Annette Bening, Thora Birch, Wes Bentley",USA,Sam Mendes,"Drama, Romance",English,86,R,01 Oct 1999,122 min,Alan Ball
63,"Billy Crudup, Billy Bob Thornton, Minnie Driver, John DiMaggio",Japan,Hayao Miyazaki,"Animation, Adventure, Fantasy",Japanese,76,PG-13,12 Jul 1997,134 min,Hayao Miyazaki
64,"Sigourney Weaver, Carrie Henn, Michael Biehn, Paul Reiser","USA, UK",James Cameron,"Action, Adventure, Sci-Fi",English,87,R,18 Jul 1986,137 min,"James Cameron (story), David Giler (story), Walter Hill (story), Dan O'Bannon (characters), Ronald Shusett (characters), James Cameron (screenplay)"
65,"Min-sik Choi, Ji-tae Yu, Hye-jeong Kang, Dae-han Ji",South Korea,Chan-wook Park,"Drama, Mystery, Thriller",Korean,74,R,21 Nov 2003,120 min,"Garon Tsuchiya (story), Nobuaki Minegishi (comic), Chan-wook Park (screenplay), Chun-hyeong Lim (screenplay), Jo-yun Hwang (screenplay), Joon-hyung Lim"
66,"Robert De Niro, James Woods, Elizabeth McGovern, Joe Pesci","Italy, USA",Sergio Leone,"Crime, Drama","English, Italian, French",N/A,R,01 Jun 1984,229 min,"Harry Grey (novel), Leonardo Benvenuti (screenplay), Piero De Bernardi (screenplay), Enrico Medioli (screenplay), Franco Arcalli (screenplay), Franco Ferrini (screenplay), Sergio Leone (screenplay), Stuart Kaminsky (additional dialogue)"
67,"Joseph Cotten, Dorothy Comingore, Agnes Moorehead, Ruth Warrick",USA,Orson Welles,"Drama, Mystery",English,N/A,APPROVED,05 Sep 1941,119 min,"Herman J. Mankiewicz (original screen play), Orson Welles (original screen play)"
68,"Jürgen Prochnow, Herbert Grönemeyer, Klaus Wennemann, Hubertus Bengsch",West Germany,Wolfgang Petersen,"Adventure, Drama, Thriller","German, English, French",86,R,10 Feb 1982,149 min,"Wolfgang Petersen (screenplay), Lothar G. Buchheim (novel)"
69,"Tyrone Power, Marlene Dietrich, Charles Laughton, Elsa Lanchester",USA,Billy Wilder,"Crime, Drama, Mystery","English, German",N/A,APPROVED,06 Feb 1958,116 min,"Agatha Christie (in Agatha Christie's international stage success), Billy Wilder (screen play), Harry Kurnitz (screen play), Lawrence B. Marcus (adaptation)"
70,"Cary Grant, Eva Marie Saint, James Mason, Jessie Royce Landis",USA,Alfred Hitchcock,"Action, Adventure, Crime",English,N/A,APPROVED,26 Sep 1959,136 min,Ernest Lehman
71,"James Stewart, Kim Novak, Barbara Bel Geddes, Tom Helmore",USA,Alfred Hitchcock,"Mystery, Romance, Thriller",English,N/A,PG,21 Jul 1958,128 min,"Alec Coppel (screenplay), Samuel A. Taylor (screenplay), Pierre Boileau (novel), Thomas Narcejac (novel)"
72,"Mark Hamill, Harrison Ford, Carrie Fisher, Billy Dee Williams",USA,Richard Marquand,"Action, Adventure, Fantasy",English,53,PG,25 May 1983,131 min,"Lawrence Kasdan (screenplay), George Lucas (screenplay), George Lucas (story by)"
73,"Peter Lorre, Ellen Widmann, Inge Landgut, Otto Wernicke",Germany,Fritz Lang,"Crime, Drama, Mystery",German,N/A,NOT RATED,31 Aug 1931,99 min,"Thea von Harbou (script), Fritz Lang (script)"
74,"Harvey Keitel, Tim Roth, Michael Madsen, Chris Penn",USA,Quentin Tarantino,"Crime, Drama, Thriller",English,78,R,02 Sep 1992,99 min,"Quentin Tarantino, Roger Avary (background radio dialog), Quentin Tarantino (background radio dialog)"
75,"James Robinson, Sean Lawlor, Sandy Nelson, James Cosmo",USA,Mel Gibson,"Biography, Drama, History","English, French, Latin, Scottish Gaelic",68,R,24 May 1995,178 min,Randall Wallace
76,"Audrey Tautou, Mathieu Kassovitz, Rufus, Lorella Cravotta","France, Germany",Jean-Pierre Jeunet,"Comedy, Romance","French, Russian",69,R,08 Feb 2002,122 min,"Guillaume Laurant (scenario), Jean-Pierre Jeunet (scenario), Guillaume Laurant (dialogue)"
77,"Ellen Burstyn, Jared Leto, Jennifer Connelly, Marlon Wayans",USA,Darren Aronofsky,Drama,English,68,R,15 Dec 2000,102 min,"Hubert Selby Jr. (based on the book by), Hubert Selby Jr. (screenplay), Darren Aronofsky (screenplay)"
78,"Malcolm McDowell, Patrick Magee, Michael Bates, Warren Clarke","UK, USA",Stanley Kubrick,"Crime, Drama, Sci-Fi",English,78,R,02 Feb 1972,136 min,"Stanley Kubrick (screenplay), Anthony Burgess (novel)"
79,"Diahnne Abbott, Frank Adu, Victor Argo, Gino Ardito",USA,Martin Scorsese,"Crime, Drama","English, Spanish",93,R,08 Feb 1976,113 min,Paul Schrader
80,"Fred MacMurray, Barbara Stanwyck, Edward G. Robinson, Porter Hall",USA,Billy Wilder,"Crime, Drama, Film-Noir",English,N/A,PASSED,24 Apr 1944,107 min,"Billy Wilder (screenplay), Raymond Chandler (screenplay), James M. Cain (from the novel by)"
81,"Peter O'Toole, Alec Guinness, Anthony Quinn, Jack Hawkins","UK, USA",David Lean,"Adventure, Biography, Drama","English, Arabic, Turkish",100,PG,11 Dec 1962,216 min,"T.E. Lawrence (writings), Robert Bolt (screenplay), Michael Wilson (screenplay)"
82,"Gregory Peck, John Megna, Frank Overton, Rosemary Murphy",USA,Robert Mulligan,"Crime, Drama",English,N/A,NOT RATED,16 Mar 1963,129 min,"Harper Lee (based on her novel ""To Kill a Mockingbird""), Horton Foote (screenplay)"
83,"Tom Hanks, Tim Allen, Joan Cusack, Ned Beatty",USA,Lee Unkrich,"Animation, Adventure, Comedy","English, Spanish",92,G,18 Jun 2010,103 min,"John Lasseter (story by), Andrew Stanton (story by), Lee Unkrich (story by), Michael Arndt (screenplay)"
84,"Jim Carrey, Kate Winslet, Gerry Robert Byrne, Elijah Wood",USA,Michel Gondry,"Drama, Fantasy, Romance",English,89,R,19 Mar 2004,108 min,"Charlie Kaufman (story), Michel Gondry (story), Pierre Bismuth (story), Charlie Kaufman (screenplay)"
85,"F. Murray Abraham, Tom Hulce, Elizabeth Berridge, Roy Dotrice","USA, France",Milos Forman,"Biography, Drama, History","English, Italian, Latin, German",93,R,19 Sep 1984,160 min,"Peter Shaffer (original stage play), Peter Shaffer (original screenplay)"
86,"Matthew Modine, Adam Baldwin, Vincent D'Onofrio, R. Lee Ermey","UK, USA",Stanley Kubrick,"Drama, War","English, Vietnamese",78,R,10 Jul 1987,116 min,"Gustav Hasford (novel), Stanley Kubrick (screenplay), Michael Herr (screenplay), Gustav Hasford (screenplay)"
87,"Paul Newman, Robert Redford, Robert Shaw, Charles Durning",USA,George Roy Hill,"Comedy, Crime, Drama",English,N/A,PG,25 Dec 1973,129 min,David S. Ward
88,"Keir Dullea, Gary Lockwood, William Sylvester, Daniel Richter","UK, USA",Stanley Kubrick,"Adventure, Mystery, Sci-Fi","English, Russian",86,G,12 May 1968,149 min,"Stanley Kubrick (screenplay), Arthur C. Clarke (screenplay)"
89,"Lamberto Maggiorani, Enzo Staiola, Lianella Carell, Gino Saltamerenda",Italy,Vittorio De Sica,Drama,Italian,N/A,NOT RATED,13 Dec 1949,89 min,"Cesare Zavattini (story), Luigi Bartolini (novel), Oreste Biancoli (screenplay), Suso Cecchi D'Amico (screenplay), Vittorio De Sica (screenplay), Adolfo Franci (screenplay), Gherardo Gherardi (screenplay), Gerardo Guerrieri (screenplay), Cesare Zavattini (screenplay)"
90,"Tom Hanks, Tim Allen, Don Rickles, Jim Varney",USA,John Lasseter,"Animation, Adventure, Comedy",English,92,G,22 Nov 1995,81 min,"John Lasseter (original story by), Pete Docter (original story by), Andrew Stanton (original story by), Joe Ranft (original story by), Joss Whedon (screenplay), Andrew Stanton (screenplay), Joel Cohen (screenplay), Alec Sokolow (screenplay)"
91,"Benicio Del Toro, Dennis Farina, Vinnie Jones, Brad Pitt","UK, USA",Guy Ritchie,"Comedy, Crime","English, Russian",55,R,19 Jan 2001,102 min,Guy Ritchie
92,"Gene Kelly, Donald O'Connor, Debbie Reynolds, Jean Hagen",USA,"Stanley Donen, Gene Kelly","Comedy, Musical, Romance",English,N/A,APPROVED,11 Apr 1952,103 min,"Betty Comden (story by), Adolph Green (story by)"
93,"Brad Pitt, Mélanie Laurent, Christoph Waltz, Eli Roth","USA, Germany","Quentin Tarantino, Eli Roth","Adventure, Drama, War","English, German, French, Italian",69,R,21 Aug 2009,153 min,Quentin Tarantino
94,"Carl Miller, Edna Purviance, Jackie Coogan, Charles Chaplin",USA,Charles Chaplin,"Comedy, Drama, Family",English,N/A,NOT RATED,06 Feb 1921,68 min,Charles Chaplin
95,"Graham Chapman, John Cleese, Eric Idle, Terry Gilliam",UK,"Terry Gilliam, Terry Jones","Adventure, Comedy, Fantasy","English, French, Latin",90,PG,25 May 1975,91 min,"Graham Chapman, John Cleese, Eric Idle, Terry Gilliam, Terry Jones, Michael Palin"
96,"Kevin Spacey, Russell Crowe, Guy Pearce, James Cromwell",USA,Curtis Hanson,"Crime, Drama, Mystery",English,90,R,19 Sep 1997,138 min,"James Ellroy (novel), Brian Helgeland (screenplay), Curtis Hanson (screenplay)"
97,"Clint Eastwood, Lee Van Cleef, Gian Maria Volontè, Mario Brega","Italy, Spain, West Germany",Sergio Leone,Western,Italian,N/A,APPROVED,10 May 1967,132 min,"Sergio Leone (scenario), Fulvio Morsella (scenario), Luciano Vincenzoni (screenplay), Sergio Leone (screenplay), Luciano Vincenzoni (dialogue: English version)"
98,"Aamir Khan, Madhavan, Sharman Joshi, Kareena Kapoor",India,Rajkumar Hirani,"Comedy, Drama","Hindi, English",67,PG-13,25 Dec 2009,170 min,"Rajkumar Hirani (screenplay), Abhijat Joshi (screenplay), Vidhu Vinod Chopra (screenplay), Abhijat Joshi (story), Chetan Bhagat (novel)"
99,"Toshirô Mifune, Machiko Kyô, Masayuki Mori, Takashi Shimura",Japan,Akira Kurosawa,"Crime, Drama, Mystery",Japanese,N/A,UNRATED,26 Dec 1951,88 min,"Ryûnosuke Akutagawa (stories), Akira Kurosawa (screenplay), Shinobu Hashimoto (screenplay)"
100,"Jack Lemmon, Shirley MacLaine, Fred MacMurray, Ray Walston",USA,Billy Wilder,"Comedy, Drama, Romance",English,N/A,APPROVED,16 Sep 1960,125 min,"Billy Wilder, I.A.L. Diamond"
101,"Al Pacino, Steven Bauer, Michelle Pfeiffer, Mary Elizabeth Mastrantonio",USA,Brian De Palma,"Crime, Drama","English, Spanish",65,R,09 Dec 1983,170 min,Oliver Stone (screenplay)
102,"Harrison Ford, Sean Connery, Denholm Elliott, Alison Doody",USA,Steven Spielberg,"Action, Adventure, Fantasy","English, German, Greek, Arabic",65,PG-13,24 May 1989,127 min,"Jeffrey Boam (screenplay), George Lucas (story), Menno Meyjes (story), George Lucas (characters), Philip Kaufman (characters)"
103,"Peyman Moaadi, Leila Hatami, Sareh Bayat, Shahab Hosseini",Iran,Asghar Farhadi,"Drama, Mystery",Persian,95,PG-13,16 Mar 2011,123 min,Asghar Farhadi
104,"Alfred Abel, Gustav Fröhlich, Rudolf Klein-Rogge, Fritz Rasp",Germany,Fritz Lang,"Drama, Sci-Fi",German,98,NOT RATED,13 Mar 1927,153 min,"Thea von Harbou (screenplay), Thea von Harbou (novel)"
105,"Mads Mikkelsen, Thomas Bo Larsen, Annika Wedderkopp, Lasse Fogelstrøm","Denmark, Sweden",Thomas Vinterberg,Drama,"Danish, English, Polish",76,R,10 Jan 2013,115 min,"Tobias Lindholm (screenplay), Thomas Vinterberg (screenplay)"
106,"Matt Damon, Robin Williams, Ben Affleck, Stellan Skarsgård",USA,Gus Van Sant,Drama,English,70,R,09 Jan 1998,126 min,"Matt Damon, Ben Affleck"
107,"Bette Davis, Anne Baxter, George Sanders, Celeste Holm",USA,Joseph L. Mankiewicz,Drama,"English, French",N/A,APPROVED,15 Jan 1951,138 min,Joseph L. Mankiewicz (written for the screen by)
108,"Toshirô Mifune, Tatsuya Nakadai, Yôko Tsukasa, Isuzu Yamada",Japan,Akira Kurosawa,"Action, Drama, Thriller",Japanese,N/A,UNRATED,13 Sep 1961,110 min,"Akira Kurosawa (story), Akira Kurosawa (screenplay), Ryûzô Kikushima (screenplay)"
109,"Christian Bale, Michael Caine, Liam Neeson, Katie Holmes","USA, UK",Christopher Nolan,"Action, Adventure","English, Urdu, Mandarin",70,PG-13,15 Jun 2005,140 min,"Bob Kane (characters), David S. Goyer (story), Christopher Nolan (screenplay), David S. Goyer (screenplay)"
110,"Humphrey Bogart, Walter Huston, Tim Holt, Bruce Bennett",USA,John Huston,"Adventure, Drama, Western","English, Spanish",N/A,APPROVED,24 Jan 1948,126 min,"John Huston (screenplay), B. Traven (based on the novel by)"
111,"Marilyn Monroe, Tony Curtis, Jack Lemmon, George Raft",USA,Billy Wilder,"Comedy, Romance",English,N/A,NOT RATED,14 Apr 1959,120 min,"Billy Wilder (screenplay), I.A.L. Diamond (screenplay), Robert Thoeren (suggested by a story by), Michael Logan (suggested by a story by)"
112,"Edward Asner, Christopher Plummer, Jordan Nagai, Bob Peterson",USA,"Pete Docter, Bob Peterson","Animation, Adventure, Comedy",English,88,PG,29 May 2009,96 min,"Pete Docter (story by), Bob Peterson (story by), Tom McCarthy (story by), Bob Peterson (screenplay), Pete Docter (screenplay)"
113,"Clint Eastwood, Gene Hackman, Morgan Freeman, Richard Harris",USA,Clint Eastwood,"Drama, Western",English,82,R,07 Aug 1992,131 min,David Webb Peoples
114,"Joseph Cotten, Alida Valli, Orson Welles, Trevor Howard",UK,Carol Reed,"Film-Noir, Mystery, Thriller","English, German, Russian",N/A,NOT RATED,31 Aug 1949,93 min,"Graham Greene (by), Graham Greene (screen play)"
115,"Bruno Ganz, Alexandra Maria Lara, Corinna Harfouch, Ulrich Matthes","Germany, Austria, Italy",Oliver Hirschbiegel,"Biography, Drama, History","German, Russian, Hungarian",82,R,08 Apr 2005,156 min,"Bernd Eichinger (screenplay), Joachim Fest (book), Traudl Junge (book), Melissa Müller (book)"
116,"Robert De Niro, Cathy Moriarty, Joe Pesci, Frank Vincent",USA,Martin Scorsese,"Biography, Drama, Sport",English,92,R,19 Dec 1980,129 min,"Jake LaMotta (based on the book by), Joseph Carter (with), Peter Savage (with), Paul Schrader (screenplay), Mardik Martin (screenplay)"
117,"Bruce Willis, Bonnie Bedelia, Reginald VelJohnson, Paul Gleason",USA,John McTiernan,"Action, Thriller","English, German, Italian",70,R,20 Jul 1988,131 min,"Roderick Thorp (novel), Jeb Stuart (screenplay), Steven E. de Souza (screenplay)"
118,"Mohammad Amir Naji, Amir Farrokh Hashemian, Bahare Seddiqi, Nafise Jafar-Mohammadi",Iran,Majid Majidi,"Drama, Family",Persian,N/A,PG,22 Jan 1999,89 min,Majid Majidi
119,"Steve McQueen, James Garner, Richard Attenborough, James Donald",USA,John Sturges,"Adventure, Drama, History","English, German, French, Russian, Spanish",N/A,APPROVED,04 Jul 1963,172 min,"Paul Brickhill (book), James Clavell (screenplay), W.R. Burnett (screenplay)"
120,"Al Pacino, Robert De Niro, Val Kilmer, Jon Voight",USA,Michael Mann,"Action, Crime, Drama","English, Spanish",76,R,15 Dec 1995,170 min,Michael Mann
121,"Jack Nicholson, Faye Dunaway, John Huston, Perry Lopez",USA,Roman Polanski,"Drama, Mystery, Thriller","English, Cantonese, Spanish",86,R,20 Jun 1974,130 min,Robert Towne
122,"Amy Poehler, Phyllis Smith, Richard Kind, Bill Hader",USA,"Pete Docter, Ronnie Del Carmen","Animation, Adventure, Comedy",English,94,PG,19 Jun 2015,95 min,"Pete Docter (original story by), Ronnie Del Carmen (original story by), Pete Docter (screenplay), Meg LeFauve (screenplay), Josh Cooley (screenplay), Michael Arndt (additional story material by), Bill Hader (additional dialogue by), Amy Poehler (additional dialogue by), Simon Rich (additional story material by)"
123,"Ivana Baquero, Sergi López, Maribel Verdú, Doug Jones","Spain, Mexico, USA",Guillermo del Toro,"Drama, Fantasy, War",Spanish,98,R,19 Jan 2007,118 min,Guillermo del Toro
124,"Marlon Brando, Karl Malden, Lee J. Cobb, Rod Steiger",USA,Elia Kazan,"Crime, Drama, Thriller",English,88,APPROVED,22 Jun 1954,108 min,"Budd Schulberg (screenplay), Budd Schulberg (based upon an original story by), Malcolm Johnson (suggested by articles by)"
125,"Brie Larson, Jacob Tremblay, Sean Bridgers, Wendy Crewson","Ireland, Canada, UK, USA",Lenny Abrahamson,Drama,English,86,R,22 Jan 2016,118 min,"Emma Donoghue (screenplay), Emma Donoghue (novel)"
126,"Chika Sakamoto, Hitoshi Takagi, Noriko Hidaka, Shigesato Itoi",Japan,Hayao Miyazaki,"Animation, Family, Fantasy",Japanese,N/A,G,16 Apr 1988,86 min,Hayao Miyazaki
127,"Takashi Shimura, Shin'ichi Himori, Haruo Tanaka, Minoru Chiaki",Japan,Akira Kurosawa,Drama,Japanese,N/A,NOT RATED,25 Mar 1956,143 min,"Akira Kurosawa, Shinobu Hashimoto, Hideo Oguni"
128,"Tatsuya Nakadai, Akira Terao, Jinpachi Nezu, Daisuke Ryû","Japan, France",Akira Kurosawa,"Action, Drama",Japanese,96,R,01 Jun 1985,162 min,"Akira Kurosawa (screenplay), Hideo Oguni (screenplay), Masato Ide (screenplay), William Shakespeare (play)"
129,"Charles Chaplin, Mack Swain, Tom Murray, Henry Bergman",USA,Charles Chaplin,"Adventure, Comedy, Drama",English,N/A,NOT RATED,N/A,95 min,Charles Chaplin
130,"William Holden, Alec Guinness, Jack Hawkins, Sessue Hayakawa","UK, USA",David Lean,"Adventure, Drama, War","English, Japanese, Thai",N/A,PG,14 Dec 1957,161 min,"Pierre Boulle (novel), Carl Foreman (screenplay), Michael Wilson (screenplay)"
131,"Jean Arthur, James Stewart, Claude Rains, Edward Arnold",USA,Frank Capra,"Comedy, Drama",English,N/A,NOT RATED,19 Oct 1939,129 min,"Sidney Buchman (screen play), Lewis R. Foster (story)"
132,"Soledad Villamil, Ricardo Darín, Carla Quevedo, Pablo Rago","Argentina, Spain",Juan José Campanella,"Drama, Mystery, Thriller",Spanish,80,R,21 May 2010,129 min,"Eduardo Sacheri, Juan José Campanella, Eduardo Sacheri (novel)"
133,"Harrison Ford, Rutger Hauer, Sean Young, Edward James Olmos","USA, Hong Kong, UK",Ridley Scott,"Sci-Fi, Thriller","English, German, Cantonese, Japanese, Hungarian",89,R,25 Jun 1982,117 min,"Hampton Fancher (screenplay), David Webb Peoples (screenplay), Philip K. Dick (novel)"
134,"Gunnar Björnstrand, Bengt Ekerot, Nils Poppe, Max von Sydow",Sweden,Ingmar Bergman,"Drama, Fantasy","Swedish, Latin",N/A,NOT RATED,13 Oct 1958,96 min,"Ingmar Bergman (play), Ingmar Bergman (screenplay)"
135,"Jason Flemyng, Dexter Fletcher, Nick Moran, Jason Statham",UK,Guy Ritchie,"Comedy, Crime",English,66,R,28 Aug 1998,107 min,Guy Ritchie
136,"Chieko Baishô, Takuya Kimura, Akihiro Miwa, Tatsuya Gashûin",Japan,Hayao Miyazaki,"Animation, Adventure, Family",Japanese,80,PG,17 Jun 2005,119 min,"Hayao Miyazaki (screenplay), Diana Wynne Jones (novel)"
137,"Robert De Niro, Sharon Stone, Joe Pesci, James Woods","USA, France",Martin Scorsese,"Biography, Crime, Drama",English,73,R,22 Nov 1995,178 min,"Nicholas Pileggi (book), Nicholas Pileggi (screenplay), Martin Scorsese (screenplay)"
138,"Spencer Tracy, Burt Lancaster, Richard Widmark, Marlene Dietrich",USA,Stanley Kramer,"Drama, War","English, German",N/A,NOT RATED,18 Dec 1961,186 min,"Abby Mann, Abby Mann (based on his original story by)"
139,"Maria Falconetti, Eugene Silvain, André Berley, Maurice Schutz",France,Carl Theodor Dreyer,"Biography, Drama, History",French,N/A,NOT RATED,25 Oct 1928,114 min,"Joseph Delteil, Carl Theodor Dreyer"
140,"Victor Sjöström, Bibi Andersson, Ingrid Thulin, Gunnar Björnstrand",Sweden,Ingmar Bergman,"Drama, Romance","Swedish, Latin",N/A,UNRATED,22 Jun 1959,91 min,Ingmar Bergman
141,"Buster Keaton, Marion Mack, Glen Cavender, Jim Farley",USA,"Clyde Bruckman, Buster Keaton","Action, Adventure, Comedy",English,N/A,UNRATED,24 Feb 1927,67 min,"Buster Keaton, Clyde Bruckman, Al Boasberg (adapted by), Charles Henry Smith (adapted by)"
142,"Anthony Hopkins, John Hurt, Anne Bancroft, John Gielgud","USA, UK",David Lynch,"Biography, Drama",English,N/A,PG,10 Oct 1980,124 min,"Christopher De Vore (screenplay), Eric Bergren (screenplay), David Lynch (screenplay), Frederick Treves (book), Ashley Montagu (in part on the book ""The Elephant Man: A Study in Human Dignity"")"
143,"Russell Crowe, Ed Harris, Jennifer Connelly, Christopher Plummer",USA,Ron Howard,"Biography, Drama",English,72,PG-13,04 Jan 2002,135 min,"Akiva Goldsman, Sylvia Nasar (book)"
144,"George O'Brien, Janet Gaynor, Margaret Livingston, Bodil Rosing",USA,F.W. Murnau,"Drama, Romance",N/A,N/A,NOT RATED,04 Nov 1927,94 min,"Carl Mayer (scenario), Hermann Sudermann (from an original theme by), Katherine Hilliker (titles), H.H. Caldwell (titles)"
145,"Joel Edgerton, Tom Hardy, Nick Nolte, Jennifer Morrison",USA,Gavin O'Connor,"Drama, Sport","English, Spanish",71,PG-13,09 Sep 2011,140 min,"Gavin O'Connor (screenplay), Anthony Tambakis (screenplay), Cliff Dorfman (screenplay), Gavin O'Connor (story), Cliff Dorfman (story)"
146,"Leonardo DiCaprio, Jonah Hill, Margot Robbie, Matthew McConaughey",USA,Martin Scorsese,"Biography, Comedy, Crime","English, French",75,R,25 Dec 2013,180 min,"Terence Winter (screenplay), Jordan Belfort (book)"
147,"Natalie Portman, Hugo Weaving, Stephen Rea, Stephen Fry","USA, UK, Germany",James McTeigue,"Action, Drama, Thriller",English,62,R,17 Mar 2006,132 min,"Lilly Wachowski (screenplay), Lana Wachowski (screenplay), David Lloyd (graphic novel art)"
148,"Mustafa Kamel, Hussein Sami, Rémy Girard, Mélissa Désormeaux-Poulin","Canada, France",Denis Villeneuve,"Drama, Mystery, War","French, Arabic, English",82,R,12 Jan 2011,139 min,"Denis Villeneuve (scenario), Wajdi Mouawad (play), Valérie Beaugrand-Champagne (collaboration), Denis Villeneuve (dialogue)"
149,"Clint Eastwood, Christopher Carley, Bee Vang, Ahney Her","USA, Germany",Clint Eastwood,Drama,"English, Hmong",72,R,09 Jan 2009,116 min,"Nick Schenk (screenplay), Dave Johannson (story), Nick Schenk (story)"
150,"Jeff Bridges, John Goodman, Julianne Moore, Steve Buscemi","USA, UK","Joel Coen, Ethan Coen","Comedy, Crime","English, German, Hebrew, Spanish",69,R,06 Mar 1998,117 min,"Ethan Coen, Joel Coen"
151,"Chishû Ryû, Chieko Higashiyama, Setsuko Hara, Haruko Sugimura",Japan,Yasujirô Ozu,Drama,"Japanese, English",N/A,NOT RATED,13 Mar 1972,136 min,"Kôgo Noda (scenario), Yasujirô Ozu (scenario)"
152,"Robert De Niro, John Cazale, John Savage, Christopher Walken","UK, USA",Michael Cimino,"Drama, War","English, Russian, Vietnamese, French",73,R,23 Feb 1979,183 min,"Michael Cimino (story), Deric Washburn (story), Louis Garfinkle (story), Quinn K. Redeker (story), Deric Washburn (screenplay)"
153,"Ray Milland, Grace Kelly, Robert Cummings, John Williams",USA,Alfred Hitchcock,"Crime, Thriller",English,N/A,PG,29 May 1954,105 min,"Frederick Knott (screen play), Frederick Knott (adapted from his play)"
154,"Ewan McGregor, Ewen Bremner, Jonny Lee Miller, Kevin McKidd",UK,Danny Boyle,Drama,English,83,R,09 Aug 1996,94 min,"Irvine Welsh (novel), John Hodge (screenplay)"
155,"Thomas Mitchell, Barbara O'Neil, Vivien Leigh, Evelyn Keyes",USA,"Victor Fleming, George Cukor, Sam Wood","Drama, History, Romance",English,N/A,G,17 Jan 1940,238 min,"Margaret Mitchell (story of the old south ""Gone with the Wind""), Sidney Howard (screenplay)"
156,"William H. Macy, Steve Buscemi, Peter Stormare, Kristin Rudrüd","USA, UK","Joel Coen, Ethan Coen","Crime, Drama, Thriller",English,85,R,05 Apr 1996,98 min,"Ethan Coen, Joel Coen"
157,"Laurence Olivier, Joan Fontaine, George Sanders, Judith Anderson",USA,Alfred Hitchcock,"Drama, Film-Noir, Mystery","English, French",N/A,NOT RATED,12 Apr 1940,130 min,"Daphne Du Maurier (celebrated novel), Robert E. Sherwood (screen play), Joan Harrison (screen play), Philip MacDonald (adaptation), Michael Hogan (adaptation)"
158,"Albert Brooks, Ellen DeGeneres, Alexander Gould, Willem Dafoe",USA,"Andrew Stanton, Lee Unkrich","Animation, Adventure, Comedy",English,90,G,30 May 2003,100 min,"Andrew Stanton (original story by), Andrew Stanton (screenplay), Bob Peterson (screenplay), David Reynolds (screenplay)"
159,"Paul Newman, George Kennedy, J.D. Cannon, Lou Antonio",USA,Stuart Rosenberg,Drama,English,N/A,PG,01 Nov 1967,126 min,"Donn Pearce (screenplay), Frank Pierson (screenplay), Donn Pearce (novel)"
160,"Bruce Willis, Haley Joel Osment, Toni Collette, Olivia Williams",USA,M. Night Shyamalan,"Drama, Mystery, Thriller","English, Latin, Spanish",64,PG-13,06 Aug 1999,107 min,M. Night Shyamalan
161,"Jay Baruchel, Gerard Butler, Craig Ferguson, America Ferrera",USA,"Dean DeBlois, Chris Sanders","Animation, Action, Adventure",English,74,PG,26 Mar 2010,98 min,"William Davies (screenplay), Dean DeBlois (screenplay), Chris Sanders (screenplay), Cressida Cowell (book)"
162,"Kurt Russell, Wilford Brimley, T.K. Carter, David Clennon",USA,John Carpenter,"Horror, Mystery, Sci-Fi","English, Norwegian",N/A,R,25 Jun 1982,109 min,"Bill Lancaster (screenplay), John W. Campbell Jr. (story)"
163,"Harrison Ford, Mark Hamill, Carrie Fisher, Adam Driver",USA,J.J. Abrams,"Action, Adventure, Fantasy",English,81,PG-13,18 Dec 2015,138 min,"Lawrence Kasdan, J.J. Abrams, Michael Arndt, George Lucas (based on characters created by)"
164,"Tommy Lee Jones, Javier Bardem, Josh Brolin, Woody Harrelson",USA,"Ethan Coen, Joel Coen","Crime, Drama, Thriller","English, Spanish",91,R,21 Nov 2007,122 min,"Joel Coen (screenplay), Ethan Coen (screenplay), Cormac McCarthy (novel)"
165,"Emile Hirsch, Marcia Gay Harden, William Hurt, Jena Malone",USA,Sean Penn,"Adventure, Biography, Drama","English, Danish",73,R,19 Oct 2007,148 min,"Sean Penn (screenplay), Jon Krakauer (book)"
166,"Uma Thurman, Lucy Liu, Vivica A. Fox, Daryl Hannah",USA,Quentin Tarantino,"Action, Thriller","English, Japanese, French",69,R,10 Oct 2003,111 min,"Quentin Tarantino, Quentin Tarantino (character The Bride), Uma Thurman (character The Bride)"
167,"Toni Collette, Philip Seymour Hoffman, Barry Humphries, Eric Bana",Australia,Adam Elliot,"Animation, Comedy, Drama","English, Yiddish",N/A,NOT RATED,09 Apr 2009,92 min,Adam Elliot
168,"Ben Affleck, Rosamund Pike, Neil Patrick Harris, Tyler Perry",USA,David Fincher,"Crime, Drama, Mystery",English,79,R,03 Oct 2014,149 min,"Gillian Flynn (screenplay), Gillian Flynn (novel)"
169,"Aleksey Kravchenko, Olga Mironova, Liubomiras Laucevicius, Vladas Bagdonas",Soviet Union,Elem Klimov,"Drama, War","Belarusian, Russian, German",N/A,NOT RATED,17 Oct 1985,142 min,"Ales Adamovich (story), Ales Adamovich (screenplay), Elem Klimov (screenplay)"
170,"Daniel Day-Lewis, Martin Stringer, Matthew Braden Stringer, Jacob Stringer",USA,Paul Thomas Anderson,Drama,"English, American Sign Language",92,R,25 Jan 2008,158 min,"Paul Thomas Anderson (screenplay), Upton Sinclair (novel)"
171,"Clark Gable, Claudette Colbert, Walter Connolly, Roscoe Karns",USA,Frank Capra,"Comedy, Romance",English,N/A,UNRATED,23 Feb 1934,105 min,"Robert Riskin (screen play), Samuel Hopkins Adams (based on the short story by)"
172,"Graham Chapman, John Cleese, Terry Gilliam, Eric Idle",UK,Terry Jones,Comedy,"English, Latin",75,R,17 Aug 1979,94 min,"Graham Chapman, John Cleese, Terry Gilliam, Eric Idle, Terry Jones, Michael Palin"
173,"Chris Hemsworth, Daniel Brühl, Olivia Wilde, Alexandra Maria Lara","UK, Germany, USA",Ron Howard,"Action, Biography, Drama","English, German, Italian, French, Spanish",75,R,27 Sep 2013,123 min,Peter Morgan
174,"Anthony Quinn, Irene Papas, Michael Ansara, Johnny Sekka","Lebanon, Libya, Kuwait, Morocco, UK",Moustapha Akkad,"Adventure, Biography, Drama","English, Arabic",N/A,PG,08 Jul 1977,177 min,"H.A.L. Craig, Tewfik El-Hakim, A.B. Jawdat El-Sahhar, A.B. Rahman El-Sharkawi, Mohammad Ali Maher"
175,"Xolani Mali, Don Cheadle, Desmond Dube, Hakeem Kae-Kazim","UK, South Africa, Italy",Terry George,"Drama, History, War","English, French",79,PG-13,04 Feb 2005,121 min,"Keir Pearson, Terry George"
176,"Tom Berenger, Keith David, Willem Dafoe, Forest Whitaker","UK, USA",Oliver Stone,"Drama, War","English, Vietnamese",N/A,R,06 Feb 1987,120 min,Oliver Stone
177,"Giulietta Masina, François Périer, Franca Marzi, Dorian Gray","Italy, France",Federico Fellini,Drama,Italian,N/A,NOT RATED,16 Oct 1957,110 min,"Maria Molinari (novel), Federico Fellini (story), Ennio Flaiano (story), Tullio Pinelli (story), Federico Fellini (screenplay), Ennio Flaiano (screenplay), Tullio Pinelli (screenplay), Pier Paolo Pasolini (screenplay)"
178,"Faye Dunaway, William Holden, Peter Finch, Robert Duvall",USA,Sidney Lumet,Drama,English,88,R,27 Nov 1976,121 min,Paddy Chayefsky
179,"Yves Montand, Charles Vanel, Folco Lulli, Peter van Eyck","France, Italy",Henri-Georges Clouzot,"Adventure, Drama, Thriller","French, English, Spanish, German, Italian, Russian",N/A,NOT RATED,16 Feb 1955,131 min,"Georges Arnaud (novel), Henri-Georges Clouzot (adaptation), Jérôme Géronimi (adaptation)"
180,"Leonardo DiCaprio, Mark Ruffalo, Ben Kingsley, Max von Sydow",USA,Martin Scorsese,"Mystery, Thriller","English, German",63,R,19 Feb 2010,138 min,"Laeta Kalogridis (screenplay), Dennis Lehane (novel)"
181,"Mark Ruffalo, Michael Keaton, Rachel McAdams, Liev Schreiber","USA, Canada",Tom McCarthy,"Biography, Crime, Drama",English,93,R,20 Nov 2015,128 min,"Josh Singer, Tom McCarthy"
182,"Humphrey Bogart, Mary Astor, Gladys George, Peter Lorre",USA,John Huston,"Film-Noir, Mystery",English,N/A,APPROVED,18 Oct 1941,100 min,"John Huston (screenplay), Dashiell Hammett (based upon the novel by)"
183,"Paul Newman, Robert Redford, Katharine Ross, Strother Martin",USA,George Roy Hill,"Biography, Crime, Drama","English, Spanish",58,M,24 Oct 1969,110 min,William Goldman
184,"Wil Wheaton, River Phoenix, Corey Feldman, Jerry O'Connell",USA,Rob Reiner,"Adventure, Drama",English,N/A,R,22 Aug 1986,89 min,"Stephen King (novel), Raynold Gideon (screenplay), Bruce A. Evans (screenplay)"
185,"Tom Hardy, Charlize Theron, Nicholas Hoult, Hugh Keays-Byrne","Australia, USA",George Miller,"Action, Adventure, Sci-Fi","English, Russian",90,R,15 May 2015,120 min,"George Miller, Brendan McCarthy, Nick Lathouris"
186,"Alison Crosbie, Daniel Day-Lewis, Philip King, Emma Thompson","Ireland, UK, USA",Jim Sheridan,"Biography, Drama",English,84,R,25 Feb 1994,133 min,"Gerry Conlon (autobiographical book ""Proved Innocent""), Terry George (screenplay), Jim Sheridan (screenplay)"
187,"Jean-Pierre Léaud, Claire Maurier, Albert Rémy, Guy Decomble",France,François Truffaut,"Crime, Drama","French, English",N/A,NOT RATED,16 Nov 1959,99 min,"François Truffaut (scenario), Marcel Moussy (adaptation), François Truffaut (adaptation), Marcel Moussy (dialogue)"
188,"Darío Grandinetti, María Marull, Mónica Villa, Rita Cortese","Argentina, Spain",Damián Szifrón,"Comedy, Drama, Thriller",Spanish,77,R,21 Aug 2014,122 min,Damián Szifrón
189,"Chiwetel Ejiofor, Dwight Henry, Dickie Gravois, Bryan Batt","USA, UK",Steve McQueen,"Biography, Drama, History",English,97,R,08 Nov 2013,134 min,"John Ridley (screenplay), Solomon Northup (based on ""Twelve Years a Slave"" by)"
190,"Bibi Andersson, Liv Ullmann, Margaretha Krook, Gunnar Björnstrand",Sweden,Ingmar Bergman,"Drama, Thriller","Swedish, English",N/A,NOT RATED,16 Mar 1967,83 min,Ingmar Bergman (story and screenplay)
191,"Charlton Heston, Jack Hawkins, Haya Harareet, Stephen Boyd",USA,William Wyler,"Adventure, Drama, History",English,90,G,29 Jan 1960,212 min,"Lew Wallace (novel), Karl Tunberg (screenplay)"
192,"Ralph Fiennes, F. Murray Abraham, Mathieu Amalric, Adrien Brody","USA, Germany, UK",Wes Anderson,"Adventure, Comedy, Crime","English, French",88,R,28 Mar 2014,99 min,"Stefan Zweig (inspired by the writings of), Wes Anderson (screenplay), Wes Anderson (story), Hugo Guinness (story)"
193,"Emilio Echevarría, Gael García Bernal, Goya Toledo, Álvaro Guerrero",Mexico,Alejandro G. Iñárritu,"Drama, Thriller",Spanish,83,R,13 Apr 2001,154 min,Guillermo Arriaga
194,"Clint Eastwood, Hilary Swank, Morgan Freeman, Jay Baruchel",USA,Clint Eastwood,"Drama, Sport","English, Irish",86,PG-13,28 Jan 2005,132 min,"Paul Haggis (screenplay), F.X. Toole (stories)"
195,"Cary Elwes, Mandy Patinkin, Chris Sarandon, Christopher Guest",USA,Rob Reiner,"Adventure, Family, Fantasy",English,77,PG,09 Oct 1987,98 min,"William Goldman (book), William Goldman (screenplay)"
196,"Sam Neill, Laura Dern, Jeff Goldblum, Richard Attenborough",USA,Steven Spielberg,"Adventure, Sci-Fi, Thriller","English, Spanish",68,PG-13,11 Jun 1993,127 min,"Michael Crichton (novel), Michael Crichton (screenplay), David Koepp (screenplay)"
197,"Richard Gere, Joan Allen, Cary-Hiroyuki Tagawa, Sarah Roemer","USA, UK",Lasse Hallström,"Drama, Family","English, Japanese",N/A,G,12 Mar 2010,93 min,"Stephen P. Lindsey (screenplay), Kaneto Shindô (motion picture ""Hachiko monogatari"")"
198,"Sumi Shimamoto, Mahito Tsujimura, Hisako Kyôda, Gorô Naya",Japan,Hayao Miyazaki,"Animation, Adventure, Fantasy",Japanese,N/A,PG,11 Mar 1984,117 min,"Hayao Miyazaki (comic), Hayao Miyazaki (screenplay), Donald H. Hewitt (english version)"
199,"Charlton Heston, Janet Leigh, Orson Welles, Joseph Calleia",USA,Orson Welles,"Crime, Drama, Film-Noir","English, Spanish",N/A,PG-13,21 May 1958,95 min,"Orson Welles (screenplay), Whit Masterson (based on the novel ""Badge Of Evil"" by)"
200,"Henry Fonda, Jane Darwell, John Carradine, Charley Grapewin",USA,John Ford,"Drama, History",English,N/A,APPROVED,15 Mar 1940,129 min,"Nunnally Johnson (screen play), John Steinbeck (based on the novel by)"
201,"Alisa Freyndlikh, Aleksandr Kaydanovskiy, Anatoliy Solonitsyn, Nikolay Grinko",Soviet Union,Andrei Tarkovsky,"Drama, Sci-Fi",Russian,N/A,NOT RATED,17 Apr 1980,163 min,"Arkadiy Strugatskiy (novel), Boris Strugatskiy (novel), Arkadiy Strugatskiy (screenplay), Boris Strugatskiy (screenplay)"
202,"Kang-ho Song, Sang-kyung Kim, Roe-ha Kim, Jae-ho Song",South Korea,Joon-ho Bong,"Crime, Drama, Mystery","Korean, English",82,UNRATED,02 May 2003,132 min,"Joon-ho Bong, Kwang-rim Kim (play), Sung-bo Shim"
203,"Ginnifer Goodwin, Jason Bateman, Idris Elba, Jenny Slate",USA,"Byron Howard, Rich Moore, Jared Bush","Animation, Adventure, Comedy",English,78,PG,04 Mar 2016,108 min,"Byron Howard (story by), Rich Moore (story by), Jared Bush (story by), Jim Reardon (story by), Josie Trinidad (story by), Phil Johnston (story by), Jennifer Lee (story by), Jared Bush (screenplay), Phil Johnston (screenplay)"
204,"Woody Allen, Diane Keaton, Tony Roberts, Carol Kane",USA,Woody Allen,"Comedy, Romance","English, German",N/A,PG,20 Apr 1977,93 min,"Woody Allen, Marshall Brickman"
205,"Jim Carrey, Laura Linney, Noah Emmerich, Natascha McElhone",USA,Peter Weir,"Comedy, Drama, Sci-Fi",English,90,PG,05 Jun 1998,103 min,Andrew Niccol
206,"Ethan Hawke, Julie Delpy, Andrea Eckert, Hanno Pöschl","USA, Austria, Switzerland",Richard Linklater,"Drama, Romance","English, German, French",77,R,27 Jan 1995,105 min,"Richard Linklater, Kim Krizan"
207,"Ben Kingsley, Candice Bergen, Edward Fox, John Gielgud","UK, India, USA",Richard Attenborough,"Biography, Drama, History",English,N/A,PG,25 Feb 1983,191 min,John Briley
208,"Matt Damon, Julia Stiles, David Strathairn, Scott Glenn","USA, Germany",Paul Greengrass,"Action, Mystery, Thriller","English, French, Arabic, Russian, Spanish",85,PG-13,03 Aug 2007,115 min,"Tony Gilroy (screenplay), Scott Z. Burns (screenplay), George Nolfi (screenplay), Tony Gilroy (screen story), Robert Ludlum (novel)"
209,"Simone Signoret, Véra Clouzot, Paul Meurisse, Charles Vanel",France,Henri-Georges Clouzot,"Crime, Drama, Horror","French, English",N/A,UNRATED,21 Nov 1955,116 min,"Pierre Boileau (novel), Thomas Narcejac (novel), Henri-Georges Clouzot (scenario and dialogue), Jérôme Géronimi (scenario and dialogue), René Masson (collaboration), Frédéric Grendel (collaboration)"
210,"Sylvester Stallone, Talia Shire, Burt Young, Carl Weathers",USA,John G. Avildsen,"Drama, Sport",English,N/A,PG,03 Dec 1976,120 min,Sylvester Stallone
211,"Jake Gyllenhaal, Holmes Osborne, Maggie Gyllenhaal, Daveigh Chase",USA,Richard Kelly,"Drama, Sci-Fi, Thriller",English,71,R,26 Oct 2001,113 min,Richard Kelly
212,"Ralph Fiennes, Michael Gambon, Alan Rickman, Daniel Radcliffe","USA, UK",David Yates,"Adventure, Drama, Fantasy",English,87,PG-13,15 Jul 2011,130 min,"Steve Kloves (screenplay), J.K. Rowling (novel)"
213,"Marcello Mastroianni, Claudia Cardinale, Anouk Aimée, Sandra Milo",Italy,Federico Fellini,"Drama, Fantasy","Italian, English, French, German",N/A,NOT RATED,25 Jun 1963,138 min,"Federico Fellini (story), Ennio Flaiano (story), Ennio Flaiano (screenplay), Tullio Pinelli (screenplay), Federico Fellini (screenplay), Brunello Rondi (screenplay)"
214,"John Goodman, Billy Crystal, Mary Gibbs, Steve Buscemi",USA,"Pete Docter, David Silverman, Lee Unkrich","Animation, Adventure, Comedy",English,78,G,02 Nov 2001,92 min,"Pete Docter (original story by), Jill Culton (original story by), Jeff Pidgeon (original story by), Ralph Eggleston (original story by), Andrew Stanton (screenplay), Daniel Gerson (screenplay)"
215,"Judy Garland, Frank Morgan, Ray Bolger, Bert Lahr",USA,"Victor Fleming, George Cukor, Mervyn LeRoy, Norman Taurog, King Vidor","Adventure, Family, Fantasy",English,100,PASSED,25 Aug 1939,102 min,"Noel Langley (screenplay), Florence Ryerson (screenplay), Edgar Allan Woolf (screenplay), Noel Langley (adaptation), L. Frank Baum (from the book by)"
216,"Arnold Schwarzenegger, Michael Biehn, Linda Hamilton, Paul Winfield","UK, USA",James Cameron,"Action, Sci-Fi","English, Spanish",83,R,26 Oct 1984,107 min,"James Cameron, Gale Anne Hurd, William Wisher Jr. (additional dialogue)"
217,"Bill Murray, Andie MacDowell, Chris Elliott, Stephen Tobolowsky",USA,Harold Ramis,"Comedy, Fantasy, Romance","English, French, Italian",72,PG,12 Feb 1993,101 min,"Danny Rubin (screenplay), Harold Ramis (screenplay), Danny Rubin (story)"
218,"Joseph Melito, Bruce Willis, Jon Seda, Michael Chance",USA,Terry Gilliam,"Mystery, Sci-Fi, Thriller","English, French",74,R,05 Jan 1996,129 min,"Chris Marker (film La Jetée), David Webb Peoples (screenplay), Janet Peoples (screenplay)"
219,"Hugh Jackman, Jake Gyllenhaal, Viola Davis, Maria Bello",USA,Denis Villeneuve,"Crime, Drama, Mystery",English,74,R,20 Sep 2013,153 min,Aaron Guzikowski
220,"Roy Scheider, Robert Shaw, Richard Dreyfuss, Lorraine Gary",USA,Steven Spielberg,"Adventure, Drama, Thriller",English,86,PG,20 Jun 1975,124 min,"Peter Benchley (screenplay), Carl Gottlieb (screenplay), Peter Benchley (based on the novel by)"
221,"Myrna Loy, Fredric March, Dana Andrews, Teresa Wright",USA,William Wyler,"Drama, Romance, War",English,N/A,NOT RATED,17 Jun 1947,172 min,"Robert E. Sherwood (screen play), MacKinlay Kantor (from a novel by)"
222,"Andy Lau, Tony Chiu Wai Leung, Anthony Chau-Sang Wong, Eric Tsang",Hong Kong,"Wai-Keung Lau, Alan Mak","Crime, Drama, Mystery","Cantonese, English, Thai",75,R,12 Dec 2002,101 min,"Alan Mak, Felix Chong"
223,"Vincent Cassel, Hubert Koundé, Saïd Taghmaoui, Abdel Ahmed Ghili",France,Mathieu Kassovitz,"Crime, Drama",French,N/A,NOT RATED,23 Feb 1996,98 min,Mathieu Kassovitz
224,"Ryan O'Neal, Marisa Berenson, Patrick Magee, Hardy Krüger","UK, USA, Ireland",Stanley Kubrick,"Adventure, Drama, History","English, German, French",N/A,PG,18 Dec 1975,184 min,"Stanley Kubrick (written for the screen by), William Makepeace Thackeray (novel)"
225,"Leonardo DiCaprio, Tom Hanks, Christopher Walken, Martin Sheen","USA, Canada",Steven Spielberg,"Biography, Crime, Drama","English, French",76,PG-13,25 Dec 2002,141 min,"Jeff Nathanson (screenplay), Frank Abagnale Jr. (book), Stan Redding (book)"
226,"Farley Granger, Ruth Roman, Robert Walker, Leo G. Carroll",USA,Alfred Hitchcock,"Crime, Film-Noir, Romance","English, French",N/A,PG,30 Jun 1951,101 min,"Raymond Chandler (screen play), Czenzi Ormonde (screen play), Whitfield Cook (adaptation), Patricia Highsmith (from the novel by)"
227,"Jessica Alba, Devon Aoki, Alexis Bledel, Powers Boothe",USA,"Frank Miller, Robert Rodriguez, Quentin Tarantino","Crime, Thriller",English,74,R,01 Apr 2005,124 min,Frank Miller (graphic novels)
228,"Jean Martin, Yacef Saadi, Brahim Hadjadj, Samia Kerbash","Italy, Algeria",Gillo Pontecorvo,"Drama, War","French, Arabic, English",94,NOT RATED,20 Sep 1967,121 min,"Franco Solinas, Franco Solinas (story), Gillo Pontecorvo (story)"
229,"Penelope Allen, Sully Boyar, John Cazale, Beulah Garrick",USA,Sidney Lumet,"Crime, Drama",English,N/A,R,21 Sep 1975,125 min,"Frank Pierson (screenplay), P.F. Kluge (based upon a magazine article by), Thomas Moore (based upon a magazine article by)"
230,"Dennis Price, Valerie Hobson, Joan Greenwood, Alec Guinness",UK,Robert Hamer,"Comedy, Crime",English,N/A,APPROVED,14 Jun 1950,106 min,"Roy Horniman (novel), Robert Hamer (screenplay), John Dighton (screenplay)"
231,"Manoj Bajpayee, Richa Chadha, Nawazuddin Siddiqui, Tigmanshu Dhulia",India,Anurag Kashyap,"Action, Crime, Drama",Hindi,89,N/A,02 Aug 2012,320 min,"Akhilesh Jaiswal, Anurag Kashyap, Sachin K. Ladia, Zeishan Quadri"
232,"Leonardo DiCaprio, Tom Hardy, Domhnall Gleeson, Will Poulter","USA, Hong Kong, Taiwan",Alejandro G. Iñárritu,"Adventure, Drama, Thriller","English, Pawnee, French",76,R,08 Jan 2016,156 min,"Mark L. Smith (screenplay), Alejandro G. Iñárritu (screenplay), Michael Punke (based in part on the novel by)"
233,"Johnny Depp, Geoffrey Rush, Orlando Bloom, Keira Knightley",USA,Gore Verbinski,"Action, Adventure, Fantasy",English,63,PG-13,09 Jul 2003,143 min,"Ted Elliott (screen story), Terry Rossio (screen story), Stuart Beattie (screen story), Jay Wolpert (screen story), Ted Elliott (screenplay), Terry Rossio (screenplay)"
234,"Emma Stone, Viola Davis, Bryce Dallas Howard, Octavia Spencer","USA, India, United Arab Emirates",Tate Taylor,Drama,English,62,PG-13,10 Aug 2011,146 min,"Tate Taylor (screenplay), Kathryn Stockett (novel)"
235,"Benedict Cumberbatch, Keira Knightley, Matthew Goode, Rory Kinnear","UK, USA",Morten Tyldum,"Biography, Drama, Thriller","English, German",73,PG-13,25 Dec 2014,114 min,"Graham Moore, Andrew Hodges (book)"
236,"David Rawle, Brendan Gleeson, Lisa Hannigan, Fionnula Flanagan","Ireland, Denmark, Belgium, Luxembourg, France",Tomm Moore,"Animation, Adventure, Family","English, Irish, Scottish Gaelic",85,PG,10 Dec 2014,93 min,"Will Collins, Tomm Moore (story by)"
237,"Donnie Yen, Simon Yam, Lynn Hung, Hiroyuki Ikeuchi","Hong Kong, China",Wilson Yip,"Action, Biography, Drama","Cantonese, Mandarin, Japanese",59,R,12 Dec 2008,106 min,"Edmond Wong (screenplay), Tai-Li Chan"
238,"Ryan Reynolds, Karan Soni, Ed Skrein, Michael Benyaer",USA,Tim Miller,"Action, Adventure, Comedy",English,65,R,12 Feb 2016,108 min,"Rhett Reese, Paul Wernick"
239,"Matt Damon, Jessica Chastain, Kristen Wiig, Jeff Daniels","USA, UK",Ridley Scott,"Adventure, Drama, Sci-Fi","English, Mandarin",80,PG-13,02 Oct 2015,144 min,"Drew Goddard (screenplay), Andy Weir (book)"
240,"Anna Paquin, James Van Der Beek, Cloris Leachman, Mark Hamill",Japan,Hayao Miyazaki,"Animation, Adventure, Family",Japanese,N/A,PG,02 Aug 1986,125 min,Hayao Miyazaki
241,"Clint Eastwood, Marianne Koch, Gian Maria Volontè, Wolfgang Lukschy","Italy, Spain, West Germany",Sergio Leone,"Action, Drama, Western","Italian, Spanish",N/A,R,18 Jan 1967,99 min,"Adriano Bolzoni (story), Víctor Andrés Catena (story), Sergio Leone (story), Víctor Andrés Catena (screenplay), Jaime Comas Gil (screenplay), Sergio Leone (screenplay)"
242,"Gregory Peck, Audrey Hepburn, Eddie Albert, Hartley Power",USA,William Wyler,"Comedy, Romance","English, Italian, German",76,NOT RATED,02 Sep 1953,118 min,"Ian McLellan Hunter (screenplay), John Dighton (screenplay), Dalton Trumbo (screenplay), Dalton Trumbo (story)"
243,"Chris Pratt, Zoe Saldana, Dave Bautista, Vin Diesel","USA, UK",James Gunn,"Action, Adventure, Sci-Fi",English,76,PG-13,01 Aug 2014,121 min,"James Gunn, Nicole Perlman, Dan Abnett (based on the Marvel comic book by), Andy Lanning (based on the Marvel comic book by)"
244,"Kristina Adolphson, Börje Ahlstedt, Pernilla Allwin, Kristian Almgren","Sweden, France, West Germany",Ingmar Bergman,Drama,"Swedish, German, Yiddish, English",100,R,17 Dec 1982,188 min,Ingmar Bergman
245,"Colin Firth, Helena Bonham Carter, Derek Jacobi, Robert Portal","UK, USA, Australia",Tom Hooper,"Biography, Drama",English,88,R,25 Dec 2010,118 min,David Seidler (screenplay)
246,"Robert Downey Jr., Chris Evans, Mark Ruffalo, Chris Hemsworth",USA,Joss Whedon,"Action, Sci-Fi, Thriller","English, Russian",69,PG-13,04 May 2012,143 min,"Joss Whedon (screenplay), Zak Penn (story), Joss Whedon (story)"
247,"Harry Dean Stanton, Sam Berry, Bernhard Wicki, Dean Stockwell","West Germany, France, UK",Wim Wenders,Drama,English,N/A,R,19 Sep 1984,147 min,"L.M. Kit Carson (adaptation), Sam Shepard"
248,"Aamir Khan, Gracy Singh, Rachel Shelley, Paul Blackthorne",India,Ashutosh Gowariker,"Adventure, Drama, Musical","Hindi, English, Awadhi, Urdu",84,PG,08 May 2002,224 min,"Ashutosh Gowariker (story), Ashutosh Gowariker (screenplay), Kumar Dave (screenplay), Sanjay Dayma (screenplay), K.P. Saxena (dialogue)"
249,"Vidya Balan, Parambrata Chatterjee, Dhritiman Chatterjee, Saswata Chatterjee",India,Sujoy Ghosh,"Drama, Mystery, Thriller","Hindi, Bengali",N/A,NOT RATED,09 Mar 2012,122 min,"Sujoy Ghosh (dialogue), Sujoy Ghosh (screenplay), Sujoy Ghosh (story), Advaita Kala (story), Suresh Nair (additional screenplay), Ritesh Shah (dialogue), Sutapa Sikdar (dialogue), Nikhil Vyas (additional screenplay)"
